{"cameraMode":{"drawMode":0,"name":"Shaded","section":"Shading Mode"},"sceneLighting":true,"audioPlay":false,"sceneViewState":{"showFog":true,"showMaterialUpdate":false,"showSkybox":true,"showFlares":true,"showImageEffects":true,"showParticleSystems":true},"in2DMode":false,"pivot":{"x":27.61793327331543,"y":0.8471063375473023,"z":27.64055824279785},"rotation":{"x":-0.2275872379541397,"y":0.04146508127450943,"z":-0.009700627997517586,"w":-0.9728336334228516},"size":2.307847023010254,"orthographic":false}